participant_x,AQ_score,Gender,participant_y,BlockType,Alpha_Win,Theta_Win,Rho_Win,Alpha_Loss,Theta_Loss,Rho_Loss,Neg_LL,BIC,MatchedID,Rho_Index,Ambi_Index_Alpha_Win,Ambi_Index_Alpha_Loss,Ambi_Index_Rho_Win,Ambi_Index_Rho_Loss
alka88,13,female,alka88,social,0.7743520351339707,3.5367372530541763,0.8742415589317968,0.2821045609850912,1.0,0.5000713258484246,27.88332742930787,78.99386092406309,alka88,0.37417023308337216,-0.046358576073952995,0.22395391829699074,0.0540500026846944,0.0019175061096446955
alka88,13,female,alka88,nonsocial,0.7279934590600177,4.814618370532963,0.9282915616164912,0.5060584792820819,1.0,0.5019888319580693,20.91736097164701,65.06192800874138,alka88,0.42630272965842186,-0.046358576073952995,0.22395391829699074,0.0540500026846944,0.0019175061096446955
alsp92,1,male,alsp92,social,0.744718524463701,3.117483205027342,0.5091560190222454,0.5452699415117513,1.0,0.4999999999559297,32.42145577834793,88.0701176221432,alsp92,0.00915601906631569,0.05430413060795669,0.01366941556059309,0.283352194572135,1.5115626528228177e-08
alsp92,1,male,alsp92,nonsocial,0.7990226550716577,3.618249417605083,0.7925082135943804,0.5589393570723444,1.0,0.5000000150715562,23.670430698364875,70.5680674621771,alsp92,0.29250819852282417,0.05430413060795669,0.01366941556059309,0.283352194572135,1.5115626528228177e-08
anfi01,9,female,anfi01,social,0.8015559570495717,5.58062689943983,0.9545857616768922,0.3275274615977839,2.019642958175246,0.4999483761343025,13.865801058421322,50.95880818228999,anfi01,0.45463738554258976,-0.3003549270256919,-0.10864193497190969,-0.0775282638035617,5.1623151897106645e-05
anfi01,9,female,anfi01,nonsocial,0.5012010300238798,3.6096637783166297,0.8770574978733305,0.2188855266258742,1.0,0.4999999992861996,27.46864053138819,78.16448712822373,anfi01,0.37705749858713095,-0.3003549270256919,-0.10864193497190969,-0.0775282638035617,5.1623151897106645e-05
ango96,3,female,ango96,nonsocial,0.6917670267082177,2.8475731604956973,0.6169626161205071,0.4990345257354149,1.0,0.4999999781276619,31.720724626356013,86.66865531815938,ango96,0.11696263799284518,0.16917949172440372,-0.0009398100987701996,-0.26818962195526996,-5.495296534485661e-08
ango96,3,female,ango96,social,0.5225875349838139,4.064900131067045,0.885152238075777,0.4999743358341851,1.0,0.5000000330806272,23.420402286581822,70.068010638611,ango96,0.3851522049951498,0.16917949172440372,-0.0009398100987701996,-0.26818962195526996,-5.495296534485661e-08
anpe97,15,female,anpe97,social,0.2569368560746614,3.8086434793353594,0.735099679274397,0.6923336957131633,1.0,0.4999999991611792,24.367167864453354,71.96154179435405,anpe97,0.2350996801132178,0.525914990655151,-0.6128453805429367,0.18142810676499543,2.972642687559812e-09
anpe97,15,female,anpe97,nonsocial,0.7828518467298125,4.51799694199226,0.9165277860393924,0.0794883151702266,1.0,0.5000000021338219,26.21583926955599,75.65888460455932,anpe97,0.41652778390557055,0.525914990655151,-0.6128453805429367,0.18142810676499543,2.972642687559812e-09
beka93,9,female,beka93,social,0.5620375615488357,4.177734337155264,0.9208686336826744,0.3049720527223952,1.4557506710800967,0.5010221675748174,25.8970949176909,75.02139590082915,beka93,0.4198464661078569,0.10750599962163587,-0.1112515426845962,0.011727603502773687,-0.00102234025522846
beka93,9,female,beka93,nonsocial,0.6695435611704715,4.6277209271103334,0.932596237185448,0.193720510037799,1.0,0.499999827319589,24.095005704711685,71.41721747487071,beka93,0.43259640986585907,0.10750599962163587,-0.1112515426845962,0.011727603502773687,-0.00102234025522846
beka95,12,male,beka95,nonsocial,0.7964777411255137,4.359057143977784,0.9394412394813682,0.098812722896473,1.0408379822599674,0.4999917534001395,22.5504838035278,68.32817367250294,beka95,0.43944948608122864,0.13014036209965307,0.0497404626206567,0.8733206609572756,-0.004345296031879886
beka95,12,male,beka95,social,0.6663373790258607,1.0,0.0661205785240926,0.0490722602758163,4.153697662100134,0.5043370494320194,32.376959690605865,87.98112544665908,beka95,-0.4382164709079268,0.13014036209965307,0.0497404626206567,0.8733206609572756,-0.004345296031879886
brte95,19,female,brte95,nonsocial,0.4709261886418157,2.188192803930483,0.3745453090840254,0.6681573741794652,1.0,0.5000942020263287,33.45512936235908,90.13746479016552,brte95,-0.12554889294230331,-0.11963175231420409,0.16722033540370396,-0.177570225353735,-0.006413139084337827
brte95,19,female,brte95,social,0.5905579409560198,2.6337923244702828,0.5521155344377604,0.5009370387757612,1.0,0.5065073411106665,32.82669366705148,88.8805933995503,brte95,0.04560819332709387,-0.11963175231420409,0.16722033540370396,-0.177570225353735,-0.006413139084337827
clwe99,13,male,clwe99,nonsocial,0.8165299668303362,3.786762273049353,0.8967499498145342,0.7988257341268691,2.126381888646559,0.4998226200852961,21.107418814538843,65.44204369452504,clwe99,0.39692732972923805,0.17327699738015423,0.5662953027576895,-0.04143106981891986,-4.252136566768039e-05
clwe99,13,male,clwe99,social,0.643252969450182,4.815843883258129,0.938181019633454,0.2325304313691796,1.0,0.4998651414509638,22.03165443084472,67.29051492713678,clwe99,0.43831587818249024,0.17327699738015423,0.5662953027576895,-0.04143106981891986,-4.252136566768039e-05
copr92,9,female,copr92,social,0.4999887460705334,2.248799092229826,0.2976803442645401,0.4461490312209002,1.0,0.5039572856465588,33.817350641564126,90.8619073485756,copr92,-0.20627694138201874,0.2807064289674522,-0.3460122821345552,-0.1843968312535857,0.0030069255392441985
copr92,9,female,copr92,nonsocial,0.7806951750379856,1.0,0.1132835130109544,0.100136749086345,3.382300217938465,0.506964211185803,34.03262812197931,91.29246230940596,copr92,-0.39368069817484863,0.2807064289674522,-0.3460122821345552,-0.1843968312535857,0.0030069255392441985
djlu96,11,male,djlu96,nonsocial,0.8202453058754609,2.6343346275455897,0.8687790278376788,0.0872530201264854,1.0,0.5000000922347128,32.653909569058726,88.5350252035648,djlu96,0.36877893560296604,0.2308911690967086,-0.3697243673215095,0.10753715843353273,-3.066794319606103e-07
djlu96,11,male,djlu96,social,0.5893541367787523,3.478081046045827,0.7612418694041461,0.4569773874479949,1.0,0.5000003989141447,28.41822694743963,80.06365996032662,djlu96,0.26124147049000135,0.2308911690967086,-0.3697243673215095,0.10753715843353273,-3.066794319606103e-07
dmal96,3,male,dmal96,social,0.7068459892608261,4.760900325463311,0.9392535237249668,0.1365149688366738,1.0,0.4999907741062526,22.419168410392345,68.06554288623204,dmal96,0.43926274961871425,0.07141905116627456,0.1600325549726841,0.003731420331493762,9.668792035122387e-06
dmal96,3,male,dmal96,nonsocial,0.7782650404271007,4.964919841336669,0.9429849440564606,0.2965475238093579,1.4666218564275173,0.5000004428982877,19.153379804234746,61.53396567391684,dmal96,0.4429845011581729,0.07141905116627456,0.1600325549726841,0.003731420331493762,9.668792035122387e-06
elgr00,4,female,elgr00,nonsocial,0.794978184575291,5.3338521540983415,0.9604980293787738,0.1060847221538517,3.054647310720804,0.5000058106914227,15.380551470737323,53.988309006921995,elgr00,0.46049221868735113,0.007457775624386431,-0.1463645615055633,0.014738107531791833,5.9260715952191845e-06
elgr00,4,female,elgr00,social,0.7875204089509046,4.993295956855128,0.945759921846982,0.252449283659415,1.0,0.4999998846198275,11.625808945473656,46.47882395639466,elgr00,0.4457600372271545,0.007457775624386431,-0.1463645615055633,0.014738107531791833,5.9260715952191845e-06
elmi00,1,female,elmi00,nonsocial,0.6828958048827564,3.619729061318541,0.5214288740519848,0.5000570791105119,1.0,0.4978265773946614,30.4900544850003,84.20731503544795,elmi00,0.023602296657323385,-0.033909947082581327,-0.2575141911240094,-0.20712753593141842,-0.0020852401106535856
elmi00,1,female,elmi00,social,0.7168057519653377,4.060125093340536,0.7285564099834032,0.7575712702345213,1.0,0.499911817505315,29.623142664249055,82.47349139394547,elmi00,0.22864459247808822,-0.033909947082581327,-0.2575141911240094,-0.20712753593141842,-0.0020852401106535856
fake01,17,female,fake01,social,0.796316371763581,2.501327258255239,0.7962351200589248,0.6934873120831967,1.0,0.5000086969768259,28.583930049202937,80.39506616385322,fake01,0.2962264230820989,-0.0007087702667354367,-0.24191582478628038,0.045461573878985306,-1.1337877978412347e-05
fake01,17,female,fake01,nonsocial,0.7956076014968456,2.6079023798953216,0.8416966939379101,0.4515714872969163,1.0,0.4999973590988475,29.61009943436112,82.44740493416958,fake01,0.3416993348390626,-0.0007087702667354367,-0.24191582478628038,0.045461573878985306,-1.1337877978412347e-05
fegr98,9,male,fegr98,nonsocial,0.795204763213645,4.760493085365466,0.9441175047452114,0.2725135292582721,1.126465011339372,0.4999999988113792,11.2504545459675,45.72811515738235,fegr98,0.4441175059338322,-0.015061138440074506,0.11047838782781749,-0.004010877677871227,0.0009125243295701746
fegr98,9,male,fegr98,social,0.8102659016537195,4.821413637468064,0.9481283824230826,0.1620351414304546,1.6425128278526924,0.499087474481809,12.20772103989415,47.64264814523565,fegr98,0.4490409079412736,-0.015061138440074506,0.11047838782781749,-0.004010877677871227,0.0009125243295701746
flcs96,9,female,flcs96,nonsocial,0.823917557019952,4.1066885137719495,0.942148682656496,0.1354158357546763,2.3598508998478156,0.4999999968218471,12.026133149286704,47.279472364020755,flcs96,0.4421486858346489,-0.015346921779735623,0.06795715593596041,0.010356461867867206,4.243108649298888e-05
flcs96,9,female,flcs96,social,0.8392644787996876,3.638245281714793,0.9317922207886288,0.0674586798187159,1.7047910194501943,0.4999575657353541,14.886931634613278,53.0010693346739,flcs96,0.4318346550532747,-0.015346921779735623,0.06795715593596041,0.010356461867867206,4.243108649298888e-05
flre91,11,male,flre91,nonsocial,0.7251696370312455,4.862894272518683,0.9306412863085538,0.6861104882734539,1.400155623857863,0.5000001541044615,14.409597709998058,52.04640148544347,flre91,0.4306411322040923,-0.0747518908583088,0.5171977072484892,-0.022190987275497398,0.0002458883153556024
flre91,11,male,flre91,social,0.7999215278895543,5.499655740025295,0.9528322735840512,0.1689127810249647,1.019832668673844,0.4997542657891059,18.790031248274666,60.80726856199668,flre91,0.4530780077949453,-0.0747518908583088,0.5171977072484892,-0.022190987275497398,0.0002458883153556024
flsc98,11,male,flsc98,nonsocial,0.8255929244191275,4.933168013578111,0.952189401658996,0.1407575962736068,2.336910857841679,0.4999999900410319,13.168958075223978,49.5651222158953,flsc98,0.4521894116179641,0.028111406326079447,0.026661345912533385,-0.006893576907610832,-1.4768056055824985e-07
flsc98,11,male,flsc98,social,0.797481518093048,5.733982917704194,0.9590829785666068,0.1140962503610734,2.338786525471766,0.5000001377215925,14.465147965484755,52.15750199641686,flsc98,0.4590828408450144,0.028111406326079447,0.026661345912533385,-0.006893576907610832,-1.4768056055824985e-07
flto91,7,female,flto91,social,0.7590259624341062,4.418551734150034,0.9188578085678206,0.265015595866206,1.0,0.4999999994411782,26.17848156783495,75.58416920111725,flto91,0.41885780912664244,-0.33043621805583145,0.23502712889133742,-0.11950815327165987,0.0003543034717246596
flto91,7,female,flto91,nonsocial,0.4285897443782748,3.216596071010312,0.7993496552961608,0.5000427247575434,1.0,0.5003543029129028,27.389987495204657,78.00718105585666,flto91,0.2989953523832579,-0.33043621805583145,0.23502712889133742,-0.11950815327165987,0.0003543034717246596
gava97,7,female,gava97,nonsocial,0.7115562850111902,4.36909216124881,0.9144218665551836,0.6705267157993076,1.0,0.494270768697752,19.119705858771532,61.46661778299041,gava97,0.42015109785743165,0.1884306623390033,0.46158473836145575,0.024311667492869837,-0.005556752464163983
gava97,7,female,gava97,social,0.5231256226721869,4.354994559273199,0.8901101990623138,0.2089419774378518,1.0,0.499827521161916,26.76917696673984,76.76555999892702,gava97,0.39028267790039783,0.1884306623390033,0.46158473836145575,0.024311667492869837,-0.005556752464163983
gefr88,12,male,gefr88,social,0.7661012056283782,5.081462984510867,0.9349028601759832,0.2588518653338094,1.0,0.5000000147431879,20.302595476569905,63.83239701858716,gefr88,0.43490284543279534,-0.03058700833259065,0.2840625973747403,-0.007425756716762821,-0.0025748534847084836
gefr88,12,male,gefr88,nonsocial,0.7355141972957876,4.800006271985523,0.9274771034592204,0.5429144627085497,1.223725533931253,0.4974251612584794,14.823347979092846,52.87390202363304,gefr88,0.430051942200741,-0.03058700833259065,0.2840625973747403,-0.007425756716762821,-0.0025748534847084836
giba96,10,male,giba96,social,0.8005205571257166,4.892978009905802,0.9503534300503692,0.1064751688069231,2.0023416935495515,0.4999999855484116,14.511611897090756,52.25042985962886,giba96,0.45035344450195763,0.002971440806942227,-0.029756931497240804,0.004541968741147984,-2.723874870186327e-05
giba96,10,male,giba96,nonsocial,0.8034919979326588,4.975478106485287,0.9548953987915172,0.0767182373096823,2.6060568933035424,0.4999727467997097,14.633123025842398,52.49345211713214,giba96,0.4549226519918075,0.002971440806942227,-0.029756931497240804,0.004541968741147984,-2.723874870186327e-05
guek86,9,female,guek86,nonsocial,0.6574865470102761,4.192176032747348,0.7850991770213792,0.743530880662812,1.0,0.5000000019559957,24.46916772259591,72.16554151063917,guek86,0.2850991750653835,-0.08697821119294535,0.6246395838893438,-0.11639349137582022,1.6070702869019904e-06
guek86,9,female,guek86,social,0.7444647582032214,4.122874926040023,0.9014926683971994,0.1188912967734682,1.0,0.4999983948857088,28.655032118017772,80.53727030148289,guek86,0.40149427351149064,-0.08697821119294535,0.6246395838893438,-0.11639349137582022,1.6070702869019904e-06
hese83,5,male,hese83,social,0.5000000243626017,4.421050868603746,0.6765782936090676,0.3998060049366365,1.0,0.499536198985881,29.42688474259082,82.08097555062898,hese83,0.17704209462318665,-0.14943227289582572,0.21223412152432014,0.03866717158621702,-2.2420488411167838e-05
hese83,5,male,hese83,nonsocial,0.350567751466776,3.1734757694607394,0.7152454651952846,0.6120401264609566,1.0,0.4995137784974698,28.03421119068746,79.29562844682226,hese83,0.21573168669781484,-0.14943227289582572,0.21223412152432014,0.03866717158621702,-2.2420488411167838e-05
chpo96,8,male,chpo96,nonsocial,0.7463818175585414,3.6911615990501065,0.7804139719354026,0.8185128856722603,1.0,0.4999953865977174,28.32346099397381,79.87412805339497,chpo96,0.2804185853376852,0.0009240851349443524,0.13831571680053445,-0.12618028773244816,4.860072898016377e-07
chpo96,8,male,chpo96,social,0.745457732423597,4.71812882792861,0.9065942596678508,0.6801971688717259,1.0,0.4999949005904276,19.22626713167436,61.679740328796065,chpo96,0.4065993590774232,0.0009240851349443524,0.13831571680053445,-0.12618028773244816,4.860072898016377e-07
ivmi00,5,female,ivmi00,nonsocial,0.4999999987860031,3.655124639505153,0.8565334277775809,0.1326567702221975,1.0,0.5061656714886273,31.95332992174256,87.13386590893248,ivmi00,0.35036775628895356,-0.014981445250165648,-0.026355487215971418,0.1518200888230724,0.006177084133354049
ivmi00,5,female,ivmi00,social,0.5149814440361687,3.8970284471933585,0.7047133389545085,0.1590122574381689,1.0,0.4999885873552733,32.98465197527745,89.19651001600225,ivmi00,0.2047247515992352,-0.014981445250165648,-0.026355487215971418,0.1518200888230724,0.006177084133354049
jame99,7,male,jame99,social,0.7886013087510504,4.755263099874266,0.929384826190851,0.3999115037833231,1.0,0.4999999099387949,21.2843607475016,65.79592756045055,jame99,0.42938491625205616,0.022876831699188527,-0.2742747356859615,-0.03464379204022505,8.569853671147598e-08
jame99,7,male,jame99,nonsocial,0.8114781404502389,3.3763214977773695,0.894741034150626,0.1256367680973616,1.0,0.4999999956373316,29.927571632141355,83.08234932973005,jame99,0.3947410385132944,0.022876831699188527,-0.2742747356859615,-0.03464379204022505,8.569853671147598e-08
joab01,8,female,joab01,nonsocial,0.7938791842612796,4.151821524203933,0.9385694631259688,0.2346151823352103,1.9066756703379573,0.5000061532522505,11.455965219861495,46.13913650517034,joab01,0.4385633098737183,-0.020608942926283347,0.07549219270770871,0.0032334124378767815,4.50889708025759e-06
joab01,8,female,joab01,social,0.8144881271875629,3.621505479340791,0.935336050688092,0.1591229896275016,2.299074593825576,0.5000016443551702,11.372446471379549,45.97209900820644,joab01,0.43533440633292175,-0.020608942926283347,0.07549219270770871,0.0032334124378767815,4.50889708025759e-06
juzi87,12,female,juzi87,nonsocial,0.7367308795436457,3.5044841874651076,0.691317374743173,0.461202741464112,1.0,0.4896364843278842,28.26586424260692,79.7589345506612,juzi87,0.2016808904152888,0.4077407561211998,-0.08794291461997183,0.15810851065730036,-0.010364381313033744
juzi87,12,female,juzi87,social,0.3289901234224459,3.582786298606018,0.5332088640858726,0.5491456560840838,1.0,0.500000865640918,31.57292366306753,86.3730533915824,juzi87,0.0332079984449547,0.4077407561211998,-0.08794291461997183,0.15810851065730036,-0.010364381313033744
kaba96,9,female,kaba96,nonsocial,0.7958437133454713,5.396409125263317,0.957464025056531,0.0983563446642747,2.3813542048567022,0.4999904856628533,15.572171654097788,54.37154937364292,kaba96,0.45747353939367774,0.004314702571701523,-0.012951122233998802,-0.0015707995137933528,-9.514169883373391e-06
kaba96,9,female,kaba96,social,0.7915290107737698,5.800138684312798,0.9590348245703244,0.1113074668982735,2.3488954437173333,0.4999999998327367,14.48671633487532,52.200638735197984,kaba96,0.4590348247375877,0.004314702571701523,-0.012951122233998802,-0.0015707995137933528,-9.514169883373391e-06
kaho97,8,female,kaho97,nonsocial,0.7908287883527675,4.696434548293205,0.9362658363165433,0.3712388977341708,1.4781754583637925,0.5000037342567359,21.42703173662696,66.08126953870126,kaho97,0.4362621020598073,0.19459088886238285,0.11991019241440498,0.03444766619283823,3.7349037168565857e-06
kaho97,8,female,kaho97,social,0.5962378994903846,4.148521368587634,0.901818170123705,0.2513287053197658,1.0,0.4999999993530191,25.845776880743937,74.91875982693523,kaho97,0.40181817077068593,0.19459088886238285,0.11991019241440498,0.03444766619283823,3.7349037168565857e-06
kasi98,8,female,kasi98,social,0.7920585398849949,4.637449779851226,0.9425046170664304,0.1266116751530368,1.50162366070202,0.4999999993636672,12.822802210045642,48.87281048553864,kasi98,0.4425046177027632,0.0278824631707294,-0.03238187084689571,0.0032074911313519916,3.2381103354239826e-10
kasi98,8,female,kasi98,nonsocial,0.8199410030557243,4.275503791848892,0.9457121081977824,0.0942298043061411,2.0355020900906378,0.4999999996874782,14.516362870629722,52.25993180670679,kasi98,0.4457121085103042,0.0278824631707294,-0.03238187084689571,0.0032074911313519916,3.2381103354239826e-10
leas96,4,female,leas96,social,0.3081282448813265,3.3785547887328646,0.807859760824832,0.2605570097771945,1.0,0.5000000898731618,31.40364909094525,86.03450424733785,leas96,0.3078596709516702,0.48652023711662007,-0.15636277089186898,0.09871360400140661,-0.0007632312065771751
leas96,4,female,leas96,nonsocial,0.7946484819979466,4.214989445797829,0.9065733648262386,0.1041942388853255,1.0,0.4992368586665846,28.476449524561396,80.18010511457014,leas96,0.407336506159654,0.48652023711662007,-0.15636277089186898,0.09871360400140661,-0.0007632312065771751
lira02,16,female,lira02,social,0.7586081022736214,3.4246411678248005,0.6300848054099671,0.8433807207439993,1.0,0.5000867977030337,27.6284280043099,78.48406207406714,lira02,0.12999800770693348,-0.4500357730850815,-0.343380728561414,0.17130815323205972,-0.009912841846690446
lira02,16,female,lira02,nonsocial,0.3085723291885399,3.824632734216387,0.8013929586420269,0.4999999921825853,1.0,0.4901739558563432,25.2323781478027,73.69196236105275,lira02,0.31121900278568365,-0.4500357730850815,-0.343380728561414,0.17130815323205972,-0.009912841846690446
maar97,13,female,maar97,social,0.7975996880624813,4.444846588039927,0.9430806782836252,0.1082677083989531,1.5640046979048503,0.4999966768293764,14.264177834728642,51.75556173490463,maar97,0.4430840014542488,-0.007871454671249056,0.025314081000166203,0.003382582081513985,0.0016112037526588296
maar97,13,female,maar97,nonsocial,0.7897282333912322,4.79828318361353,0.9464632603651392,0.1335817893991193,1.0427118550564711,0.5016078805820352,13.424498734917082,50.07620353528151,maar97,0.44485537978310397,-0.007871454671249056,0.025314081000166203,0.003382582081513985,0.0016112037526588296
mabe00,4,male,mabe00,nonsocial,0.7444022197755691,2.521590821124777,0.7756537281144009,0.4260072599957629,1.0,0.5000002192694848,30.886765874806297,85.00073781505994,mabe00,0.27565350884491613,0.04458888602805566,0.2855378875986025,-0.11336849673607063,0.003530226862927477
mabe00,4,male,mabe00,social,0.6998133337475134,3.4488268999064258,0.8890222248504716,0.1404693723971604,1.0,0.4964699924065573,29.826167230668144,82.87954052678364,mabe00,0.39255223244391424,0.04458888602805566,0.2855378875986025,-0.11336849673607063,0.003530226862927477
mada01,6,female,mada01,nonsocial,0.7827947086267443,5.128247135650699,0.946900155064733,0.1665818487081935,1.0,0.5001620003438405,21.377661160062967,65.98252838557329,mada01,0.4467381547208925,0.2597321558450223,0.014481234315098401,0.013596933318633764,0.00016206088917358752
mada01,6,female,mada01,social,0.523062552781722,4.798167181917615,0.9333032217460993,0.1521006143930951,1.0,0.4999999394546669,23.39299579712764,70.01319765970263,mada01,0.43330328229143233,0.2597321558450223,0.014481234315098401,0.013596933318633764,0.00016206088917358752
maro96,9,female,maro96,social,0.7115125465601776,3.5680214061348265,0.8911218152354178,0.4641424005758442,1.0,0.4999152710410395,27.242080423158782,77.71136691176491,maro96,0.3912065441943783,0.06754237384842543,0.20392181363326767,0.05378986541086361,0.0009775333234341987
maro96,9,female,maro96,nonsocial,0.779054920408603,5.141419578038069,0.9449116806462814,0.6680642142091119,1.0,0.5008928043644737,18.47523903073619,60.17768412691973,maro96,0.4440188762818077,0.06754237384842543,0.20392181363326767,0.05378986541086361,0.0009775333234341987
matr95,9,male,matr95,social,0.4656814085262616,1.0,0.2914012376823365,0.4999310768802265,1.0,0.5000000040915674,33.77585431837856,90.77891470220447,matr95,-0.20859876640923092,0.04312886640833358,-0.24868786793457287,0.5066362098552073,-4.892833532776919e-08
matr95,9,male,matr95,nonsocial,0.5088102749345952,3.0712689604274326,0.7980374475375438,0.2512432089456536,1.0,0.4999999551632321,31.028411888725213,85.28402984289778,matr95,0.2980374923743117,0.04312886640833358,-0.24868786793457287,0.5066362098552073,-4.892833532776919e-08
mida99,12,female,mida99,nonsocial,0.7535104368910532,4.613635478300297,0.9435984493500692,0.0613646152847684,1.1029400551299455,0.5001263518339846,23.71783418342572,70.66287443229879,mida99,0.44347209751608463,0.38655197955234394,-0.6643651630073796,0.6939059315906118,0.001900876752108982
mida99,12,female,mida99,social,0.3669584573387093,2.70945431583257,0.2496925177594574,0.725729778292148,1.0,0.4982254750818756,33.417384179699475,90.0619744248463,mida99,-0.2485329573224182,0.38655197955234394,-0.6643651630073796,0.6939059315906118,0.001900876752108982
mike91,6,female,mike91,social,0.7535097779741885,4.519704242556511,0.8912434608129355,0.3052246762912611,1.0,0.4999999987393285,24.29146054834957,71.81012716214649,mike91,0.391243462073607,-0.2517308035470923,0.4060817220796243,-0.04593620532390774,1.0773655717555286e-07
mike91,6,female,mike91,nonsocial,0.5017789744270962,3.2025288770618334,0.8453072554890277,0.7113063983708854,1.0,0.5000001064758857,28.911403785485753,81.05001363641885,mike91,0.3453071490131421,-0.2517308035470923,0.4060817220796243,-0.04593620532390774,1.0773655717555286e-07
mipe92,8,male,mipe92,nonsocial,0.5000372315629099,4.2105872625248635,0.8629793058351727,0.5725354159236732,1.0,0.4999949481743851,19.85804571208723,62.943297489621806,mipe92,0.36298435766078757,-0.007279399889287164,0.07793131526611491,0.26971288503268587,0.00037696311813023575
mipe92,8,male,mipe92,social,0.5073166314521971,2.942740474351712,0.5932664208024868,0.4946041006575583,1.0,0.4996179850562549,31.090501318356893,85.40820870216113,mipe92,0.09364843574623194,-0.007279399889287164,0.07793131526611491,0.26971288503268587,0.00037696311813023575
mira97,7,female,mira97,nonsocial,0.5593387779470536,4.274684528492753,0.9305485777668856,0.4259593865149768,1.0,0.5000000028060079,21.678490790287658,66.58418764602266,mira97,0.43054857496087773,-0.15417676226228216,0.08124615992035988,-0.015575085913387965,-0.0008911524619158451
mira97,7,female,mira97,social,0.7135155402093357,4.707399343670434,0.9461236636802736,0.3447132265946169,2.4444902194045044,0.5008911552679237,20.070709665439832,63.36862539632701,mira97,0.44523250841234985,-0.15417676226228216,0.08124615992035988,-0.015575085913387965,-0.0008911524619158451
nedo99,21,female,nedo99,nonsocial,0.8081655540708464,5.606983240532584,0.9583543814572858,0.2219597938165936,2.8317896285922397,0.500000001295879,15.213676299067016,53.65455866358138,nedo99,0.45835438016140684,0.05082895385569419,0.05447085571824689,0.005025574975499603,1.291294611516225e-05
nedo99,21,female,nedo99,social,0.7573366002151523,5.4885547506247105,0.9533288064817862,0.1674889380983467,1.588893997954312,0.4999870883497638,16.49840542734927,56.224016920145885,nedo99,0.4533417181320224,0.05082895385569419,0.05447085571824689,0.005025574975499603,1.291294611516225e-05
nito82,25,female,nito82,nonsocial,0.560795266242156,1.0,0.0886311282652654,0.0572654754465956,4.051195665424306,0.4999999987924369,31.216830367727898,85.66086680090314,nito82,-0.4113688705271715,0.2932835839289604,-0.44542783470814845,-0.37082801322828374,0.0031373693895115906
nito82,25,female,nito82,social,0.2675116823131956,3.680428514714345,0.4594591414935491,0.502693310154744,1.0,0.4968626294029253,31.881004292187257,86.98921464982186,nito82,-0.0374034879093762,0.2932835839289604,-0.44542783470814845,-0.37082801322828374,0.0031373693895115906
niuz81,14,male,niuz81,social,0.5000000000099819,1.0,0.3534742135111658,0.2496672078489929,1.0,0.5006783235894355,34.45556226779084,92.13833060102904,niuz81,-0.14720411007826972,-0.16135370440760982,0.4813974494913892,0.1292428838907142,-0.0006783247462889275
niuz81,14,male,niuz81,nonsocial,0.3386462956023721,2.7118469508044813,0.48271709740188,0.7310646573403821,1.0,0.4999999988431466,32.59360853027543,88.41442312599821,niuz81,-0.017282901441266596,-0.16135370440760982,0.4813974494913892,0.1292428838907142,-0.0006783247462889275
node99,9,female,node99,nonsocial,0.7685522279079011,4.799788688027691,0.9383890962944864,0.446319592844414,1.0,0.5000000000925597,20.56800159820072,64.3632092618488,node99,0.4383890962019267,-0.009499193721006272,-0.0515700088755805,0.09158644121791093,-0.00048403222356852016
node99,9,female,node99,social,0.7780514216289074,3.698828241743281,0.8468026550765755,0.4978896017199945,1.0,0.5004840323161283,22.675221973864613,68.57765001317657,node99,0.3463186227604472,-0.009499193721006272,-0.0515700088755805,0.09158644121791093,-0.00048403222356852016
nona99,20,male,nona99,social,0.5399700228888854,4.122508093134068,0.8234858157631787,0.5000329653990673,1.0,0.4999886358674978,23.63597652295894,70.49915911136523,nona99,0.3234971798956809,0.17599151699858584,-0.11405512044344246,-0.09601185838237014,-0.0006416916290263863
nona99,20,male,nona99,nonsocial,0.7159615398874712,3.783812954198642,0.7274739573808086,0.3859778449556248,1.0,0.4993469442384714,28.276477041337532,79.7801601481224,nona99,0.22812701314233713,0.17599151699858584,-0.11405512044344246,-0.09601185838237014,-0.0006416916290263863
pada94,14,female,pada94,social,0.7852439757349216,5.091969110123923,0.944823516503785,0.1853126932032772,1.0,0.4993850485006264,22.20163713232047,67.63048033008829,pada94,0.4454384680031586,-0.2094388003776727,0.40598586557859,-0.09810669668427663,0.0006149513203169699
pada94,14,female,pada94,nonsocial,0.5758051753572488,3.6797210149399286,0.8467168198195084,0.5912985587818672,1.0,0.4999999998209434,25.32602801400339,73.87926209345413,pada94,0.346716819998565,-0.2094388003776727,0.40598586557859,-0.09810669668427663,0.0006149513203169699
papa97,9,male,papa97,social,0.4960378299142745,3.306203996717636,0.7601138464260996,0.360982370929708,1.0,0.4999999999175517,30.78830136390818,84.8038087932637,papa97,0.2601138465085479,0.004082358835557187,0.25399707088178003,-0.06268582708082115,3.581314844708361e-05
papa97,9,male,papa97,nonsocial,0.5001201887498317,4.379779895697807,0.6974280193452784,0.614979441811488,1.0,0.5000358130659988,27.41890740067442,78.06502086679619,papa97,0.19739220627927967,0.004082358835557187,0.25399707088178003,-0.06268582708082115,3.581314844708361e-05
pavi95,4,male,pavi95,social,0.5033312991223762,3.5584905199384544,0.6499239189912908,0.4478530246054667,1.0,0.5219672636059897,31.99250796436887,87.21222199418509,pavi95,0.1279566553853011,-0.20074568068587856,0.271948136797984,0.17554645213299658,-0.02191042612196803
pavi95,4,male,pavi95,nonsocial,0.3025856184364976,3.3590033486290976,0.8254703711242873,0.7198011614034507,1.0,0.5000568374840216,30.754832462675868,84.73687099079908,pavi95,0.3254135336402657,-0.20074568068587856,0.271948136797984,0.17554645213299658,-0.02191042612196803
piob00,5,female,piob00,social,0.5003513406934538,5.266834273241291,0.951623743527133,0.1515384678255432,2.070582711132944,0.4999999993906002,20.83556894240081,64.89834395024897,piob00,0.4516237441365328,0.2140786408553086,0.08937429323531809,-0.006021079362174997,4.0573817680578106e-05
piob00,5,female,piob00,nonsocial,0.7144299815487624,4.641743002875499,0.945602664164958,0.2409127610608613,2.424197085835817,0.5000405732082808,21.654016429839015,66.53523892512538,piob00,0.4455620909566772,0.2140786408553086,0.08937429323531809,-0.006021079362174997,4.0573817680578106e-05
sasu98,3,male,sasu98,social,0.4070576410459248,4.188154532238852,0.814999155906607,0.2131264426582661,1.0,0.5000000370167542,30.659823426654352,84.54685291875606,sasu98,0.31499911888985277,0.35041558847151666,0.4410460169152891,-0.017337962223484493,-1.1307852984143718e-05
sasu98,3,male,sasu98,nonsocial,0.7574732295174414,3.4620468327812506,0.7976611936831225,0.6541724595735552,1.0,0.4999887291637701,25.27148858912771,73.77018324370277,sasu98,0.2976724645193524,0.35041558847151666,0.4410460169152891,-0.017337962223484493,-1.1307852984143718e-05
sese95,17,male,sese95,nonsocial,0.7930349923042226,5.162535516867098,0.952507324207348,0.1134308216752665,1.7050367520519758,0.4999999995355983,14.434429681669432,52.09606542878621,sese95,0.45250732467174964,-0.007551625260754702,0.0105094672277527,-0.005160506202080861,0.00188170954213851
sese95,17,male,sese95,social,0.8005866175649773,5.494684712951628,0.9576678304094288,0.1029213544475138,1.9856546489799225,0.4981182899934598,14.719968277111953,52.66714261967125,sese95,0.459549540415969,-0.007551625260754702,0.0105094672277527,-0.005160506202080861,0.00188170954213851
supu93,4,female,supu93,nonsocial,0.733290755485904,4.917336917697858,0.9339605529927762,0.5015046276950724,1.0,0.4999999999713671,17.185406546676393,57.598019158800135,supu93,0.4339605530214091,0.08932067707422764,0.26295032186350875,0.11621848271732538,0.0014197631796190047
supu93,4,female,supu93,social,0.6439700784116763,4.06321584106279,0.8177420702754509,0.2385543058315637,1.0,0.4985802367917481,27.03628443028295,77.29977492601324,supu93,0.31916183348370275,0.08932067707422764,0.26295032186350875,0.11621848271732538,0.0014197631796190047
thha00,5,male,thha00,nonsocial,0.6714335598421626,4.806633844067403,0.952016627340474,0.0525134922283914,2.3248174653411495,0.4999999985502958,23.049748232343685,69.32670253013472,thha00,0.4520166287901782,0.25939786531964365,-0.397075138946273,0.2181550571940708,-0.0005308064345218022
thha00,5,male,thha00,social,0.4120356945225189,4.268926183424881,0.7338615701464032,0.4495886311746644,1.0,0.5005308049848176,26.322206579923787,75.87161922529492,thha00,0.23333076516158557,0.25939786531964365,-0.397075138946273,0.2181550571940708,-0.0005308064345218022
tost94,10,male,tost94,nonsocial,0.7468862187399111,4.777930207564824,0.913938209146502,0.2327257167294608,1.0,0.5000413464249464,25.605990685868385,74.43918743718412,tost94,0.4138968627215557,0.11087468205034101,-0.27379244761903726,0.0075456199093344445,-0.0007976774017912636
tost94,10,male,tost94,social,0.6360115366895701,4.142166341326111,0.9063925892371676,0.5065181643484981,1.0,0.5008390238267376,24.811170710556738,72.84954748656082,tost94,0.40555356541043,0.11087468205034101,-0.27379244761903726,0.0075456199093344445,-0.0007976774017912636
tred59,10,male,tred59,social,0.7200232373388723,3.662859112857022,0.9430317005575336,0.0923546313314708,2.4006997609624596,0.4999325329410462,26.49261315728203,76.2124323800114,tred59,0.4430991676164874,0.050131987535762534,0.1258197832150178,0.013413790624579591,6.746578934346825e-05
tred59,10,male,tred59,nonsocial,0.7701552248746348,5.348629122250532,0.9564454911821132,0.2181744145464886,2.1320348185180835,0.4999999987303897,18.764161856361035,60.75552977816942,tred59,0.4564454924517235,0.050131987535762534,0.1258197832150178,0.013413790624579591,6.746578934346825e-05
udsc88,9,male,udsc88,nonsocial,0.8064674512369531,5.031800846395603,0.9485889086671532,0.1114595515314255,1.53349987348778,0.5000000076967217,13.50688293798046,50.24097194140827,udsc88,0.44858890097043147,-0.010614464052814965,-0.04770068543314471,0.004646166559567955,1.560849440479517e-05
udsc88,9,male,udsc88,social,0.817081915289768,4.075591016520213,0.9439427421075852,0.1591602369645702,2.624680146307096,0.4999843992023169,12.142921759199968,47.51304958384728,udsc88,0.4439583429052683,-0.010614464052814965,-0.04770068543314471,0.004646166559567955,1.560849440479517e-05
veri93,8,female,veri93,social,0.6447901397325914,1.0,0.5003746130460787,0.6707825298253319,1.061372136124809,0.5004469364036033,33.20441591257406,89.63603789059547,veri93,-7.232335752460628e-05,0.021620930953070494,0.08732706068995622,0.1904364347063252,-0.0004463089606319137
veri93,8,female,veri93,nonsocial,0.6664110706856619,2.9699556779634526,0.6908110477524039,0.7581095905152881,1.0,0.5000006274429714,32.856094091614246,88.93939424867584,veri93,0.19081042030943252,0.021620930953070494,0.08732706068995622,0.1904364347063252,-0.0004463089606319137
vima01,6,female,vima01,nonsocial,0.6016156781765969,5.14403702556764,0.9492849892710656,0.3751814067778342,1.957873439433796,0.4997213751757901,18.9236368867943,61.074479839035945,vima01,0.44956361409527557,-0.01114568411295791,-0.16564718543289303,0.08182126135257761,-0.0002786187034505283
vima01,6,female,vima01,social,0.6127613622895548,4.542916550919844,0.867463727918488,0.5408285922107272,1.0,0.4999999938792406,18.63533506609009,60.49787619762753,vima01,0.3674637340392474,-0.01114568411295791,-0.16564718543289303,0.08182126135257761,-0.0002786187034505283
yach03,19,male,yach03,social,0.7406967518518749,1.0,0.0686629453898806,0.0724916902704521,4.492049617835798,0.5000000013864416,31.731352987802783,86.68991204105292,yach03,-0.431337055996561,-0.22873875340275218,0.43317249181796946,0.8130862734907653,0.0021907944172920857
yach03,19,male,yach03,nonsocial,0.5119579984491227,3.358566973484017,0.881749218880646,0.5056641820884216,1.0,0.5021907958037337,28.46410332743205,80.15541272031145,yach03,0.37955842307691223,-0.22873875340275218,0.43317249181796946,0.8130862734907653,0.0021907944172920857
